Accuracy,Precision,Recall,F1 Score
0.9918,0.9918087306559521,0.9918,0.991798132472602
