Accuracy,Precision,Recall,F1 Score
0.8354037267080745,0.8364261929254164,0.8354037267080745,0.8267386435302477
